chrom	pos	ref	alt	qual
chr1	7556	C	A	30.1
chr1	143964	A	G	48.0
chr1	25561	T	A	55.5
chr1	148127	T	G	68.5
chr5	110974	T	C	63.0
chr1	42853	G	T	35.0
chr2	89236	A	T	44.2
chr3	91165	C	A	75.7
chr5	33722	G	A	59.7
chr5	95800	T	G	16.3
chr2	76861	A	T	88.0
chr4	73869	G	C	85.1
chr2	98040	C	A	70.3
chr1	45862	T	A	51.6
chr3	147001	T	G	39.2
chr1	61043	A	C	46.1
chr1	56307	C	A	69.0
chr4	121285	T	C	22.6
chr5	142289	C	G	62.6
chr5	105700	C	A	99.8
chr2	134569	G	A	78.0
chr1	41066	T	G	48.0
chr1	101864	G	C	99.7
chr5	66906	A	G	74.9
chr5	70946	C	A	36.4
chr2	119940	A	G	88.8
chr3	132225	T	G	92.1
chr3	134080	T	A	43.7
chr2	142394	A	G	39.2
chr1	30325	C	T	31.6
chr2	149729	A	T	75.9
chr1	140645	T	A	69.4
chr5	44287	C	G	88.5
chr4	56521	T	G	38.1
chr3	115845	G	A	32.3
chr1	89627	A	G	59.9
chr5	58728	A	T	73.7
chr1	61015	A	T	87.4
chr1	135782	T	C	70.2
chr2	142356	T	G	94.2
chr5	124907	T	C	82.7
chr2	25726	A	G	48.8
chr4	108767	G	C	14.9
chr1	16889	G	C	40.5
chr1	66183	T	A	58.3
chr2	111593	T	C	51.6
chr1	117164	A	T	68.7
chr5	4868	A	T	25.0
chr4	127185	T	C	91.2
chr2	100345	A	C	33.9
